County,TotalCrime,DrugArrests
Los Angeles County,303361,3717
Alameda County,83751,411
Orange County,62765,1760
San Diego County,56438,1459
Santa Clara County,52816,544
Riverside County,52108,1188
San Bernardino County,50538,2209
Sacramento County,40979,677
San Francisco County,37849,915
Fresno County,31848,241
Contra Costa County,29541,546
Kern County,26326,640
San Joaquin County,20806,252
San Mateo County,14131,146
Ventura County,13697,893
